INSERT INTO KICKSTARTER_ACCOUNT (ACCOUNT_ID,EMAIL,PHONE,KICKPASSWORD,KICKNAME,PICTURE,BIOGRAPHY,KICKLOCATION,TIMEZONE,VANITY_URL,RIGHTS)
VALUES(1,'admin@gmail.com',null,'test123','Jan','http://afbeelding.com/hoi', 'Epic Bio','Under the Nose','UTZ+1', 'http://', 'admin');

INSERT INTO KICKSTARTER_ACCOUNT(ACCOUNT_ID,EMAIL,PHONE,KICKPASSWORD,KICKNAME,PICTURE,BIOGRAPHY,KICKLOCATION,TIMEZONE,VANITY_URL,RIGHTS)
VALUES(2,'user@gmail.com',null,'test123','Piet', 'http://afbeelding.com/doeu', 'Sup Bio','WIth a Wig','UTZ+65', 'http://', 'user');



INSERT INTO KICKSTARTER_URL (URL_ID,ADRES,ACCOUNT_ID)
VALUES(1,'kickstarter.com',2);

INSERT INTO KICKSTARTER_URL(URL_ID,ADRES,ACCOUNT_ID)
VALUES(2,'Google.com',2);

INSERT INTO KICKSTARTER_URL(URL_ID,ADRES,ACCOUNT_ID)
VALUES(3,'Yahoo.com',1);

INSERT INTO KICKSTARTER_URL(URL_ID,ADRES,ACCOUNT_ID)
VALUES(4,'Bing.com',1);



INSERT INTO Kickstarter_User (USER_ID,KICKUSER)
VALUES(1,'USER');


INSERT INTO Kickstarter_Admin (ADMIN_ID,KICKADMIN,WORKEMAIL,SALARY,DEPARTMENT)
VALUES(1,'ADMIN', 'admin@kickstarter.com', 100, 'Games');

INSERT INTO Kickstarter_Category (CATEGORY_ID,KICKNAME)
VALUES(1,'Games');

INSERT INTO Kickstarter_Category (CATEGORY_ID,KICKNAME)
VALUES(2,'Art');



INSERT INTO Kickstarter_Subcategory (SUBCATEGORY_ID,CATEGORY_ID,KICKNAME)
VALUES(1,1,'RTS');

INSERT INTO Kickstarter_Subcategory (SUBCATEGORY_ID,CATEGORY_ID,KICKNAME)
VALUES(2,2,'Blog');


INSERT INTO Kickstarter_Project (PROJECT_ID,ACCOUNT_ID,TITLE,SHORTBLURB,CATEGORY_ID,SUBCATEGORY_ID,PROJECT_LOCATION,FUNDING_DURATION,FUNDING_GOAL,PROJECTVIDEO,PROJECTDESCRIPTION,RISKSANDCHALLENGES)
VALUES(1, 1, 'Landschap', 'uhasojgahousdgaosdjglasoidg;k', 1, 1, 'The Netherlands', 1000, 13400, 'http://youtube.com/', 'beschrijving', 'Risks');

INSERT INTO Kickstarter_Project (PROJECT_ID,ACCOUNT_ID,TITLE,SHORTBLURB,CATEGORY_ID,SUBCATEGORY_ID,PROJECT_LOCATION,FUNDING_DURATION,FUNDING_GOAL,PROJECTVIDEO,PROJECTDESCRIPTION,RISKSANDCHALLENGES)
VALUES(2, 2, 'Aimbot game', 'gfaihokl', 2, 2, 'UK', 431, 4313, 'http://youtube.com/', 'eafsdv', '4fafdf');






INSERT INTO Kickstarter_Rewards (REWARD_ID,PROJECT_ID,KICKNAME,PREVREWARD_ID,PRICE,DESCRIPTION,ESTIMATEDDELIVERY,SHIPPINGDETAILS,BACKERCOUNT,LIMITQUANTITY)
VALUES(1,1,'Epic Colours', 1, 200, 'Awesomeniss', 'April 2016','Only NL', 102, 1000);

INSERT INTO Kickstarter_Rewards (REWARD_ID,PROJECT_ID,KICKNAME,PREVREWARD_ID,PRICE,DESCRIPTION,ESTIMATEDDELIVERY,SHIPPINGDETAILS,BACKERCOUNT,LIMITQUANTITY)
VALUES(2,1,'Epic Pencils', 1, 250, 'Nope', 'April 2016','Only NL', 302, 1000);

INSERT INTO Kickstarter_Rewards (REWARD_ID,PROJECT_ID,KICKNAME,PREVREWARD_ID,PRICE,DESCRIPTION,ESTIMATEDDELIVERY,SHIPPINGDETAILS,BACKERCOUNT,LIMITQUANTITY)
VALUES(3,1,'YOU ARE BOB ROSS', 2, 250, 'Woah!', 'April 2016','Only NL', 32, 1000);

INSERT INTO Kickstarter_Rewards (REWARD_ID,PROJECT_ID,KICKNAME,PREVREWARD_ID,PRICE,DESCRIPTION,ESTIMATEDDELIVERY,SHIPPINGDETAILS,BACKERCOUNT,LIMITQUANTITY)
VALUES(4,2,'Better Aim', 4, 110, 'Aim Bot?', 'June 2018','Only US', 451, 1000);

INSERT INTO Kickstarter_Rewards (REWARD_ID,PROJECT_ID,KICKNAME,PREVREWARD_ID,PRICE,DESCRIPTION,ESTIMATEDDELIVERY,SHIPPINGDETAILS,BACKERCOUNT,LIMITQUANTITY)
VALUES(5,2,'Awesome Aim', 4, 170, 'Deffinity Aim bot', 'June 2018','Only US', 123, 1000);

INSERT INTO Kickstarter_Rewards (REWARD_ID,PROJECT_ID,KICKNAME,PREVREWARD_ID,PRICE,DESCRIPTION,ESTIMATEDDELIVERY,SHIPPINGDETAILS,BACKERCOUNT,LIMITQUANTITY)
VALUES(6,2,'Aim Bot', 5, 310, 'Aim bot!', 'June 2018','Only US', 123, 1000);



INSERT INTO Kickstarter_Backing (BACKING_ID,ACCOUNT_ID,PROJECT_ID,PLEDGEAMOUNT,BETAALD)
VALUES(1,1,1, 340, 1);

INSERT INTO Kickstarter_Backing (BACKING_ID,ACCOUNT_ID,PROJECT_ID,PLEDGEAMOUNT,BETAALD)
VALUES(2,2,1, 50, 0);

INSERT INTO Kickstarter_Backing (BACKING_ID,ACCOUNT_ID,PROJECT_ID,PLEDGEAMOUNT,BETAALD)
VALUES(3,1,2, 20, 1);

INSERT INTO Kickstarter_Backing (BACKING_ID,ACCOUNT_ID,PROJECT_ID,PLEDGEAMOUNT,BETAALD)
VALUES(4,2,2, 430, 1);



INSERT INTO Kickstarter_Pages (PAGE_ID, URL)
VALUES(1,'/admin');

INSERT INTO Kickstarter_Pages S(PAGE_ID, URL)
VALUES(2,'/ProjectArt');

INSERT INTO Kickstarter_Pages (PAGE_ID, URL)
VALUES(3,'/ProjectGames');



INSERT INTO Kickstarter_Content (CONTENT_ID,PAGE_ID,PROJECT_ID,HEAD,TEXT)
VALUES(1,1, null, 'AdminHeader', 'Lorum Ipsum');

INSERT INTO Kickstarter_Content (CONTENT_ID,PAGE_ID,PROJECT_ID,HEAD,TEXT)
VALUES(2,2, 1, 'ArtHeader', 'Lorum Ipsum');

INSERT INTO Kickstarter_Content (CONTENT_ID,PAGE_ID,PROJECT_ID,HEAD,TEXT)
VALUES(3,3, 2, 'GamesHeader', 'Lorum Ipsum');

--TEST QUERIES
--Needs Right
INSERT INTO KICKSTARTER_ACCOUNT (ACCOUNT_ID,EMAIL,PHONE,KICKPASSWORD,KICKNAME,PICTURE,BIOGRAPHY,KICKLOCATION,TIMEZONE,VANITY_URL,RIGHTS)
VALUES(99,'test@gmail.com',null,'test123','Test','http://afbeelding.com/Test', 'Test Bio','Teste','TZ+45', 'http://', null);

--Can't be null
INSERT INTO KICKSTARTER_ACCOUNT (ACCOUNT_ID,EMAIL,PHONE,KICKPASSWORD,KICKNAME,PICTURE,BIOGRAPHY,KICKLOCATION,TIMEZONE,VANITY_URL,RIGHTS)
VALUES(99,'test@gmail.com',null,null,'Test','http://afbeelding.com/Test', 'Test Bio','Teste','TZ+45', 'http://', 'admin');

--Needs an Account
INSERT INTO Kickstarter_Project (PROJECT_ID,ACCOUNT_ID,TITLE,SHORTBLURB,CATEGORY_ID,SUBCATEGORY_ID,PROJECT_LOCATION,FUNDING_DURATION,FUNDING_GOAL,PROJECTVIDEO,PROJECTDESCRIPTION,RISKSANDCHALLENGES)
VALUES(99, null, 'Tabletop game', 'gfaihokl', 2, 2, 'ES', 4123, 42351, 'http://youtube.com/hoi', 'safasdf', 'sdg');

--Goal to high
INSERT INTO Kickstarter_Project (PROJECT_ID,ACCOUNT_ID,TITLE,SHORTBLURB,CATEGORY_ID,SUBCATEGORY_ID,PROJECT_LOCATION,FUNDING_DURATION,FUNDING_GOAL,PROJECTVIDEO,PROJECTDESCRIPTION,RISKSANDCHALLENGES)
VALUES(99, 2, 'Tabletop game', 'gfaihokl', 2, 2, 'ES', 4123, 423513213451234, 'http://youtube.com/hoi', 'safasdf', 'sdg');

--Duration to long
INSERT INTO Kickstarter_Project (PROJECT_ID,ACCOUNT_ID,TITLE,SHORTBLURB,CATEGORY_ID,SUBCATEGORY_ID,PROJECT_LOCATION,FUNDING_DURATION,FUNDING_GOAL,PROJECTVIDEO,PROJECTDESCRIPTION,RISKSANDCHALLENGES)
VALUES(99, 2, 'Tabletop game', 'gfaihokl', 2, 2, 'ES', 41233, 42351, 'http://youtube.com/hoi', 'safasdf', 'sdg');

--Needs a adres
INSERT INTO KICKSTARTER_URL(URL_ID,ADRES,ACCOUNT_ID)
VALUES(99,null,1);

--adres to long
INSERT INTO KICKSTARTER_URL(URL_ID,ADRES,ACCOUNT_ID)
VALUES(99,'Lorem ipsum dolor sit amet, consectetur adipiscing elit. Mauris sem risus, dignissim ac dolor a amet.',1);

--Needs an Account
INSERT INTO KICKSTARTER_URL(URL_ID,ADRES,ACCOUNT_ID)
VALUES(99,'Bing.com',null);

--Account_ID NOT FOUNd
INSERT INTO KICKSTARTER_URL(URL_ID,ADRES,ACCOUNT_ID)
VALUES(99,'Bing.com',99);

--Needs acoount & project
INSERT INTO Kickstarter_Backing (BACKING_ID,ACCOUNT_ID,PROJECT_ID,PLEDGEAMOUNT,BETAALD)
VALUES(99,null,null, 430, 1);

--Cant find acoount & project
INSERT INTO Kickstarter_Backing (BACKING_ID,ACCOUNT_ID,PROJECT_ID,PLEDGEAMOUNT,BETAALD)
VALUES(99,99,99, 430, 1);

--Pledge amount is to low
INSERT INTO Kickstarter_Backing (BACKING_ID,ACCOUNT_ID,PROJECT_ID,PLEDGEAMOUNT,BETAALD)
VALUES(99,2,2, 1, 1);

--Subcategory needs an category
INSERT INTO Kickstarter_Subcategory (SUBCATEGORY_ID,CATEGORY_ID,KICKNAME)
VALUES(99,null,'Blog');

--Subcategory name is not unique
INSERT INTO Kickstarter_Subcategory (SUBCATEGORY_ID,CATEGORY_ID,KICKNAME)
VALUES(99,2,'Blog');

--Category name is not unique
INSERT INTO Kickstarter_Category (CATEGORY_ID,KICKNAME)
VALUES(99,'Art');

--Reward has default value
INSERT INTO Kickstarter_Rewards (REWARD_ID,PROJECT_ID,KICKNAME,PREVREWARD_ID,PRICE,DESCRIPTION,ESTIMATEDDELIVERY,SHIPPINGDETAILS,LIMITQUANTITY)
VALUES(7,2,'Rocket Jump', 6, 609, 'Over the Building', 'June 2018','Only US', 1000);

